email,password,name
Admin,Admin,Ahmed Elsaka
Admin@acu.edu.eg,Admin,Admin VIP
Moataz@acu.edu.eg,2004529,Moataz
Naif@acu.edu.eg,naif,Naif
Abdelrahman@acu.edu.eg,Abdelrahman,Abdelrahman
Ahmed@acu.edu.eg,Ahmed,Ahmed
Khaled@acu.edu.eg,Khaled,Khaled
Mohammed@acu.edu.eg,Mohammed,Mohammed
Mai,Mai,Mai
Monica,Monica,Monica
